종목코드,종목명,배당수익률,주당배당금,기준일
078520,에이블씨엔씨,20.27,1427,20241023
015360,예스코홀딩스,17.02,8750,20241023
036220,오상헬스케어,15.76,2000,20241023
080010,이상네트웍스,14.37,770,20241023
096240,크레버스,12.74,2000,20241023
092600,앤씨앤,12.5,148,20241023
208140,정다운,11.52,300,20241023
161580,필옵틱스,11.19,2502,20241023
039130,하나투어,10.28,5000,20241023
210980,SK디앤디,9.78,800,20241023
003120,일성아이에스,9.65,1500,20241023
101930,인화정공,9.62,2250,20241023
017800,현대엘리베이,8.99,4000,20241023
190650,코리아에셋투자증권,8.98,500,20241023
352090,스톰테크,8.96,300,20241023
009240,한샘,8.72,4500,20241023
018880,한온시스템,8.33,316,20241023
040420,정상제이엘에스,8.15,530,20241023
460860,동국제강,8.06,700,20241023
003547,대신증권2우B,8.01,1200,20241023
003545,대신증권우,8.0,1250,20241023
067990,도이치모터스,7.92,370,20241023
330730,스톤브릿지벤처스,7.82,300,20241023
002960,한국쉘석유,7.8,25000,20241023
003475,유안타증권우,7.73,230,20241023
072870,메가스터디,7.71,850,20241023
108675,LX하우시스우,7.66,1750,20241023
225530,보광산업,7.6,300,20241023
425040,티이엠씨,7.54,700,20241023
123890,한국자산신탁,7.52,220,20241023
037710,광주신세계,7.5,2200,20241023
092790,넥스틸,7.49,700,20241023
001230,동국홀딩스,7.47,600,20241023
007330,푸른저축은행,7.41,650,20241023
019440,세아특수강,7.32,1000,20241023
005960,동부건설,7.31,300,20241023
000480,CR홀딩스,7.26,410,20241023
084870,TBH글로벌,7.23,100,20241023
122900,아이마켓코리아,7.19,600,20241023
010780,아이에스동서,7.13,1500,20241023
003540,대신증권,7.13,1200,20241023
005945,NH투자증권우,7.05,850,20241023
082640,동양생명,7.03,400,20241023
093380,풍강,7.01,200,20241023
035000,HS애드,7.0,450,20241023
053210,스카이라이프,6.97,350,20241023
306200,세아제강,6.96,8000,20241023
001275,부국증권우,6.95,1550,20241023
065710,서호전기,6.93,1500,20241023
029960,코엔텍,6.93,500,20241023
093920,서원인텍,6.92,400,20241023
078340,컴투스,6.91,2600,20241023
002230,피에스텍,6.9,250,20241023
017940,E1,6.8,5150,20241023
024110,기업은행,6.8,984,20241023
139130,DGB금융지주,6.78,550,20241023
005389,현대차3우B,6.77,11450,20241023
001450,현대해상,6.74,2063,20241023
034830,한국토지신탁,6.74,70,20241023
100840,SNT에너지,6.73,900,20241023
000700,유수홀딩스,6.72,350,20241023
005385,현대차우,6.72,11450,20241023
215000,골프존,6.71,4500,20241023
140520,대창스틸,6.67,150,20241023
199730,바이오인프라,6.65,600,20241023
078935,GS우,6.61,2550,20241023
005387,현대차2우B,6.57,11500,20241023
032640,LG유플러스,6.57,650,20241023
033290,코웰패션,6.49,160,20241023
078000,텔코웨어,6.46,640,20241023
008060,대덕,6.44,400,20241023
004650,창해에탄올,6.41,600,20241023
001750,한양증권,6.41,800,20241023
025000,KPX케미칼,6.39,3000,20241023
000075,삼양홀딩스우,6.32,3550,20241023
120115,코오롱인더우,6.29,1350,20241023
100250,진양홀딩스,6.29,200,20241023
004990,롯데지주,6.29,1500,20241023
011040,경동제약,6.27,400,20241023
031330,에스에이엠티,6.27,200,20241023
00806K,대덕1우,6.27,405,20241023
025530,SJM홀딩스,6.26,225,20241023
000970,한국주철관,6.24,400,20241023
017670,SK텔레콤,6.24,3540,20241023
017480,삼현철강,6.23,300,20241023
003470,유안타증권,6.22,180,20241023
092230,KPX홀딩스,6.17,3500,20241023
029780,삼성카드,6.16,2500,20241023
000087,하이트진로2우B,6.15,1000,20241023
005010,휴스틸,6.15,250,20241023
092130,이크레더블,6.13,780,20241023
054040,한국컴퓨터,6.12,300,20241023
032540,TJ미디어,6.12,320,20241023
002290,삼일기업공사,6.11,175,20241023
001430,세아베스틸지주,6.09,1200,20241023
094280,효성ITX,6.05,750,20241023
010960,삼호개발,6.03,190,20241023
030000,제일기획,6.03,1110,20241023
316140,우리금융지주,6.03,1000,20241023
000270,기아,6.02,5600,20241023
034950,한국기업평가,6.02,5131,20241023
003690,코리안리,6.01,540,20241023
067570,엔브이에이치코리아,6.0,150,20241023
003300,한일홀딩스,6.0,800,20241023
004800,효성,5.99,3000,20241023
000140,하이트진로홀딩스,5.95,550,20241023
053620,태양,5.94,380,20241023
057050,현대홈쇼핑,5.94,2800,20241023
127980,화인써키트,5.94,400,20241023
023530,롯데쇼핑,5.94,3800,20241023
078930,GS,5.92,2500,20241023
001755,한양증권우,5.91,850,20241023
005090,SGC에너지,5.9,1700,20241023
214320,이노션,5.88,1175,20241023
381970,케이카,5.88,760,20241023
003465,유화증권우,5.88,130,20241023
064820,케이프,5.87,300,20241023
002310,아세아제지,5.86,484,20241023
145995,삼양사우,5.83,1800,20241023
009440,KC그린홀딩스,5.82,50,20241023
005940,NH투자증권,5.8,800,20241023
079900,전진건설로봇,5.78,1052,20241023
038390,레드캡투어,5.78,900,20241023
035250,강원랜드,5.73,930,20241023
011560,세보엠이씨,5.7,550,20241023
026040,제이에스티나,5.67,100,20241023
085910,네오티스,5.67,200,20241023
300720,한일시멘트,5.67,800,20241023
039570,HDC랩스,5.65,450,20241023
000815,삼성화재우,5.65,16005,20241023
095570,AJ네트웍스,5.63,270,20241023
000390,삼화페인트,5.62,400,20241023
009270,신원,5.6,70,20241023
006125,SK디스커버리우,5.6,1750,20241023
060980,HL홀딩스,5.6,2000,20241023
194370,제이에스코퍼레이션,5.59,900,20241023
122450,KX,5.59,200,20241023
344820,KCC글라스,5.58,2200,20241023
108230,톱텍,5.58,300,20241023
002460,HS화성,5.56,500,20241023
001720,신영증권,5.52,4500,20241023
169330,엠브레인,5.45,120,20241023
010770,평화홀딩스,5.45,150,20241023
041520,이엘씨,5.42,300,20241023
003460,유화증권,5.42,120,20241023
019210,와이지-원,5.41,280,20241023
138930,BNK금융지주,5.38,510,20241023
001270,부국증권,5.37,1500,20241023
123700,SJM,5.35,175,20241023
051390,YW,5.33,200,20241023
213500,한솔제지,5.32,500,20241023
001520,동양,5.31,40,20241023
004970,신라교역,5.3,500,20241023
014530,극동유화,5.3,200,20241023
086790,하나금융지주,5.28,3400,20241023
003555,LG우,5.28,3150,20241023
00088K,한화3우B,5.27,800,20241023
001045,CJ우,5.27,3050,20241023
015890,태경산업,5.27,270,20241023
067280,멀티캠퍼스,5.26,1600,20241023
000145,하이트진로홀딩스우,5.23,600,20241023
009680,모토닉,5.2,450,20241023
086280,현대글로비스,5.15,6300,20241023
088350,한화생명,5.15,150,20241023
037460,삼지전자,5.14,450,20241023
002900,TYM,5.14,160,20241023
071055,한국금융지주우,5.14,2712,20241023
003080,성보화학,5.13,135,20241023
030210,다올투자증권,5.13,150,20241023
003800,에이스침대,5.13,1400,20241023
016450,한세예스24홀딩스,5.13,250,20241023
006120,SK디스커버리,5.12,1700,20241023
005305,롯데칠성우,5.1,3405,20241023
00499K,롯데지주우,5.08,1550,20241023
104700,한국철강,5.08,400,20241023
069260,TKG휴켐스,5.08,1000,20241023
005810,풍산홀딩스,5.07,1400,20241023
309960,LB인베스트먼트,5.06,200,20241023
006390,한일현대시멘트,5.05,700,20241023
010060,OCI홀딩스,5.03,3300,20241023
175330,JB금융지주,4.99,855,20241023
046440,KG모빌리언스,4.94,220,20241023
012690,모나리자,4.93,150,20241023
023760,한국캐피탈,4.91,28,20241023
075130,플랜티넷,4.9,100,20241023
001685,대상우,4.9,810,20241023
023410,유진기업,4.9,170,20241023
002100,경농,4.89,450,20241023
044340,위닉스,4.88,300,20241023
034590,인천도시가스,4.88,1250,20241023
016250,SGC E&C,4.86,750,20241023
000070,삼양홀딩스,4.85,3500,20241023
010240,흥국,4.85,240,20241023
033780,KT&G,4.84,5200,20241023
051600,한전KPS,4.84,2158,20241023
244920,에이플러스에셋,4.83,200,20241023
007590,동방아그로,4.81,300,20241023
155650,와이엠씨,4.79,200,20241023
001940,KISCO홀딩스,4.78,900,20241023
001795,대한제당우,4.77,120,20241023
036190,금화피에스시,4.76,1300,20241023
227840,현대코퍼레이션홀딩스,4.76,500,20241023
004590,한국가구,4.76,175,20241023
000850,화천기공,4.75,1300,20241023
000080,하이트진로,4.75,950,20241023
002810,삼영무역,4.73,600,20241023
005380,현대차,4.73,11400,20241023
016090,대현,4.73,100,20241023
020000,한섬,4.72,750,20241023
318410,비비씨,4.71,400,20241023
263770,유에스티,4.69,100,20241023
215200,메가스터디교육,4.69,2000,20241023
092440,기신정기,4.67,120,20241023
093050,LF,4.67,700,20241023
002025,코오롱우,4.67,600,20241023
092460,한라IMS,4.65,300,20241023
267290,경동도시가스,4.65,875,20241023
016360,삼성증권,4.64,2200,20241023
006060,화승인더,4.64,188,20241023
037560,LG헬로비전,4.63,120,20241023
021080,에이티넘인베스트,4.63,120,20241023
069510,에스텍,4.63,500,20241023
148150,세경하이테크,4.63,300,20241023
001800,오리온홀딩스,4.61,750,20241023
035810,이지홀딩스,4.61,120,20241023
109860,동일금속,4.6,400,20241023
005830,DB손해보험,4.59,5300,20241023
030200,KT,4.59,1960,20241023
293480,하나제약,4.59,510,20241023
011785,금호석유우,4.58,2950,20241023
012700,리드코프,4.58,200,20241023
102260,동성케미컬,4.56,200,20241023
267250,HD현대,4.56,3700,20241023
262840,아이퀘스트,4.56,100,20241023
128660,피제이메탈,4.55,150,20241023
002450,삼익악기,4.55,50,20241023
013030,하이록코리아,4.54,1050,20241023
129260,인터지스,4.54,100,20241023
115310,인포바인,4.53,900,20241023
005440,현대지에프홀딩스,4.52,200,20241023
058860,KTis,4.51,120,20241023
008370,원풍,4.5,220,20241023
234080,JW생명과학,4.5,500,20241023
035600,KG이니시스,4.5,420,20241023
110790,크리스에프앤씨,4.48,300,20241023
001500,현대차증권,4.47,400,20241023
089600,나스미디어,4.45,700,20241023
192400,쿠쿠홀딩스,4.44,1100,20241023
077500,유니퀘스트,4.43,200,20241023
009180,한솔로지스틱스,4.42,100,20241023
093190,빅솔론,4.41,200,20241023
003070,코오롱글로벌,4.41,400,20241023
000215,DL우,4.41,1050,20241023
009970,영원무역홀딩스,4.4,3970,20241023
004980,성신양회,4.4,350,20241023
060720,KH바텍,4.39,400,20241023
004000,롯데정밀화학,4.39,2000,20241023
286940,롯데이노베이트,4.39,1000,20241023
216050,인크로스,4.39,321,20241023
189690,포시에스,4.39,100,20241023
000810,삼성화재,4.38,16000,20241023
134380,미원화학,4.38,3500,20241023
030610,교보증권,4.37,250,20241023
005500,삼진제약,4.35,800,20241023
004150,한솔홀딩스,4.34,100,20241023
010470,오리콤,4.34,270,20241023
018670,SK가스,4.33,8000,20241023
039240,경남스틸,4.32,120,20241023
377740,바이오노트,4.31,200,20241023
100030,인지소프트,4.3,728,20241023
017390,서울가스,4.3,2250,20241023
285490,노바텍,4.27,500,20241023
058430,포스코스틸리온,4.27,1615,20241023
023150,MH에탄올,4.27,250,20241023
012750,에스원,4.27,2700,20241023
000240,한국앤컴퍼니,4.26,700,20241023
023000,삼원강재,4.25,110,20241023
058650,세아홀딩스,4.25,4000,20241023
121440,골프존뉴딘홀딩스,4.23,167,20241023
057030,YBM넷,4.21,150,20241023
024120,KB오토시스,4.2,150,20241023
108670,LX하우시스,4.16,1700,20241023
002150,도화엔지니어링,4.16,280,20241023
204610,티쓰리,4.15,60,20241023
03473K,SK우,4.15,5050,20241023
005725,넥센우,4.14,130,20241023
005180,빙그레,4.13,2600,20241023
171120,라이온켐텍,4.12,100,20241023
089860,롯데렌탈,4.12,1200,20241023
011200,HMM,4.11,700,20241023
306040,에스제이그룹,4.11,250,20241023
018500,동원금속,4.1,50,20241023
010955,S-Oil우,4.1,1725,20241023
089850,유비벨록스,4.09,280,20241023
097955,CJ제일제당 우,4.08,5550,20241023
000370,한화손해보험,4.08,200,20241023
001120,LX인터내셔널,4.06,1200,20241023
044820,코스맥스비티아이,4.03,350,20241023
136540,윈스,4.02,500,20241023
120110,코오롱인더,4.02,1300,20241023
033920,무학,4.02,230,20241023
001680,대상,4.01,800,20241023
003550,LG,4.0,3100,20241023
122990,와이솔,4.0,250,20241023
221980,케이디켐,3.99,500,20241023
034310,NICE,3.98,451,20241023
111710,남화산업,3.98,200,20241023
083420,그린케미칼,3.96,230,20241023
298540,더네이쳐홀딩스,3.96,400,20241023
079000,와토스코리아,3.94,200,20241023
004365,세방우,3.94,305,20241023
013870,지엠비코리아,3.93,150,20241023
241560,두산밥캣,3.92,1600,20241023
001790,대한제당,3.91,115,20241023
347890,엠투아이,3.91,220,20241023
001740,SK네트웍스,3.91,200,20241023
036800,나이스정보통신,3.89,730,20241023
006805,미래에셋증권우,3.87,165,20241023
004255,NPC우,3.87,105,20241023
003780,진양산업,3.86,250,20241023
044450,KSS해운,3.86,350,20241023
023590,다우기술,3.84,700,20241023
383800,LX홀딩스,3.82,270,20241023
049720,고려신용정보,3.82,380,20241023
214370,케어젠,3.81,640,20241023
036640,HRS,3.81,200,20241023
004450,삼화왕관,3.8,1200,20241023
002020,코오롱,3.8,550,20241023
00104K,CJ4우(전환),3.8,3050,20241023
090350,노루페인트,3.79,325,20241023
052600,한네트,3.78,150,20241023
011170,롯데케미칼,3.77,3500,20241023
028100,동아지질,3.77,500,20241023
011370,서한,3.77,30,20241023
35320K,대덕전자1우,3.77,305,20241023
002355,넥센타이어1우B,3.76,120,20241023
317400,자이에스앤디,3.75,150,20241023
071840,롯데하이마트,3.75,300,20241023
004020,현대제철,3.75,1000,20241023
009770,삼정펄프,3.75,1000,20241023
33637K,솔루스첨단소재1우,3.74,101,20241023
031510,오스템,3.73,50,20241023
015860,일진홀딩스,3.73,150,20241023
055550,신한지주,3.73,2100,20241023
098660,에스티오,3.73,110,20241023
032830,삼성생명,3.73,3700,20241023
170790,파이오링크,3.72,300,20241023
00680K,미래에셋증권2우B,3.72,150,20241023
170030,현대공업,3.72,200,20241023
264450,유비쿼스,3.72,510,20241023
026960,동서,3.71,780,20241023
000320,노루홀딩스,3.71,500,20241023
029530,신도리코,3.7,1500,20241023
126640,화신정공,3.7,50,20241023
084010,대한제강,3.69,500,20241023
018120,진로발효,3.68,650,20241023
072710,농심홀딩스,3.68,2500,20241023
009200,무림페이퍼,3.68,75,20241023
111110,호전실업,3.68,300,20241023
001420,태원물산,3.68,140,20241023
052400,코나아이,3.66,500,20241023
030190,NICE평가정보,3.66,410,20241023
024880,케이피에프,3.65,150,20241023
016610,DB금융투자,3.65,200,20241023
010640,진양폴리,3.64,250,20241023
130580,나이스디앤비,3.63,182,20241023
013310,아진산업,3.62,100,20241023
067920,이글루,3.61,180,20241023
204020,그리티,3.61,100,20241023
277410,인산가,3.6,50,20241023
126720,수산인더스트리,3.6,800,20241023
075180,새론오토모티브,3.59,140,20241023
00279K,아모레G3우(전환),3.59,667,20241023
001560,제일연마,3.58,300,20241023
067010,이씨에스,3.58,100,20241023
161390,한국타이어앤테크놀로지,3.57,1300,20241023
004985,성신양회우,3.57,400,20241023
256150,한독크린텍,3.57,250,20241023
282330,BGF리테일,3.57,4100,20241023
007690,국도화학,3.57,1200,20241023
009580,무림P&P,3.56,100,20241023
045100,한양이엔지,3.56,600,20241023
089470,HDC현대EP,3.54,140,20241023
091700,파트론,3.53,250,20241023
145990,삼양사,3.51,1750,20241023
051380,피씨디렉트,3.5,100,20241023
37550K,DL이앤씨우,3.49,550,20241023
002600,조흥,3.49,6000,20241023
018250,애경산업,3.48,580,20241023
092300,현우산업,3.47,100,20241023
003010,혜인,3.46,170,20241023
101530,해태제과식품,3.46,200,20241023
097520,엠씨넥스,3.46,600,20241023
035510,신세계 I&C,3.46,350,20241023
015230,대창단조,3.46,180,20241023
019685,대교우B,3.46,45,20241023
036530,SNT홀딩스,3.46,800,20241023
064960,SNT모티브,3.46,1600,20241023
065530,와이어블,3.45,50,20241023
060380,동양에스텍,3.45,50,20241023
096760,JW홀딩스,3.45,105,20241023
058850,KTcs,3.44,100,20241023
016740,두올,3.44,120,20241023
009300,삼아제약,3.43,750,20241023
071050,한국금융지주,3.42,2650,20241023
078020,LS증권,3.42,150,20241023
007340,DN오토모티브,3.41,600,20241023
452400,이닉스,3.41,416,20241023
260660,알리코제약,3.41,130,20241023
003495,대한항공우,3.4,800,20241023
034730,SK,3.4,5000,20241023
096530,씨젠,3.4,800,20241023
005610,SPC삼립,3.4,1700,20241023
284740,쿠쿠홈시스,3.4,800,20241023
020180,대신정보통신,3.39,30,20241023
405100,큐알티,3.38,480,20241023
357230,에이치피오,3.38,100,20241023
004690,삼천리,3.37,3000,20241023
294870,HDC현대산업개발,3.37,700,20241023
105740,디케이락,3.36,250,20241023
054930,유신,3.36,750,20241023
023600,삼보판지,3.36,310,20241023
052460,아이크래프트,3.35,80,20241023
241790,티이엠씨씨엔에스,3.34,200,20241023
065370,위세아이텍,3.33,150,20241023
084690,대상홀딩스,3.33,270,20241023
298020,효성티앤씨,3.32,10000,20241023
060540,에스에이티,3.32,50,20241023
006040,동원산업,3.32,1100,20241023
036670,KCI,3.32,250,20241023
027410,BGF,3.31,120,20241023
038500,삼표시멘트,3.31,100,20241023
033530,SJG세종,3.3,150,20241023
011760,현대코퍼레이션,3.29,600,20241023
046310,백금T&A,3.29,80,20241023
034810,해성산업,3.28,225,20241023
034120,SBS,3.28,500,20241023
038680,에스넷,3.27,120,20241023
114090,GKL,3.27,353,20241023
120240,대정화금,3.27,450,20241023
004910,조광페인트,3.25,200,20241023
049960,쎌바이오텍,3.25,450,20241023
105560,KB금융,3.24,3060,20241023
137950,제이씨케미칼,3.24,150,20241023
192440,슈피겐코리아,3.24,696,20241023
013570,디와이,3.24,150,20241023
083450,GST,3.24,500,20241023
105630,한세실업,3.23,500,20241023
037440,희림,3.22,150,20241023
003490,대한항공,3.22,750,20241023
008260,NI스틸,3.21,125,20241023
037330,인지디스플레,3.21,50,20241023
041650,상신브레이크,3.2,110,20241023
111770,영원무역,3.2,1300,20241023
023800,인지컨트롤스,3.19,200,20241023
210540,디와이파워,3.19,400,20241023
38380K,LX홀딩스1우,3.19,280,20241023
075970,동국알앤에스,3.19,80,20241023
147830,제룡산업,3.19,200,20241023
035890,서희건설,3.18,45,20241023
139480,이마트,3.18,2000,20241023
006740,영풍제지,3.18,40,20241023
002170,삼양통상,3.17,1500,20241023
013120,동원개발,3.16,80,20241023
016710,대성홀딩스,3.16,250,20241023
332370,아이디피,3.16,120,20241023
195870,해성디에스,3.16,900,20241023
053280,예스24,3.15,200,20241023
031430,신세계인터내셔날,3.15,400,20241023
005750,대림B&Co,3.15,110,20241023
017890,한국알콜,3.14,285,20241023
267980,매일유업,3.14,1200,20241023
002380,KCC,3.13,8000,20241023
005820,원림,3.13,500,20241023
181710,NHN,3.11,500,20241023
094820,일진파워,3.11,330,20241023
272550,삼양패키징,3.1,500,20241023
026890,스틱인베스트먼트,3.1,250,20241023
002320,한진,3.09,600,20241023
264660,씨앤지하이테크,3.09,400,20241023
058730,다스코,3.07,100,20241023
014570,고려제약,3.07,150,20241023
001540,안국약품,3.07,220,20241023
005680,삼영전자,3.07,300,20241023
339770,교촌에프앤비,3.06,300,20241023
023450,동남합성,3.06,1000,20241023
007700,F&F홀딩스,3.05,400,20241023
039420,케이엘넷,3.05,80,20241023
002200,한국수출포장,3.04,80,20241023
095610,테스,3.04,500,20241023
126700,하이비젼시스템,3.03,500,20241023
160980,싸이맥스,3.03,350,20241023
28513K,SK케미칼우,3.02,700,20241023
039340,한국경제TV,3.02,160,20241023
021320,KCC건설,3.02,130,20241023
073110,엘엠에스,3.02,200,20241023
014825,동원시스템즈우,3.01,650,20241023
036560,영풍정밀,3.0,600,20241023
143240,사람인,3.0,500,20241023
016380,KG스틸,2.99,200,20241023
005710,대원산업,2.99,175,20241023
001390,KG케미칼,2.98,120,20241023
026940,부국철강,2.98,75,20241023
264900,크라운제과,2.98,250,20241023
012620,원일특강,2.97,220,20241023
003310,대주산업,2.97,42,20241023
013580,계룡건설,2.97,400,20241023
003650,미창석유,2.96,2800,20241023
064480,브리지텍,2.94,150,20241023
023910,대한약품,2.94,750,20241023
03481K,해성산업1우,2.94,230,20241023
002920,유성기업,2.93,60,20241023
007210,벽산,2.93,60,20241023
014580,태경비케이,2.93,130,20241023
005490,POSCO홀딩스,2.92,10000,20241023
003480,한진중공업홀딩스,2.92,100,20241023
014280,금강공업,2.91,120,20241023
010950,S-Oil,2.9,1700,20241023
214180,헥토이노베이션,2.89,360,20241023
108320,LX세미콘,2.88,1800,20241023
080520,오디텍,2.88,100,20241023
000430,대원강업,2.88,110,20241023
067170,오텍,2.88,100,20241023
005300,롯데칠성,2.87,3400,20241023
005935,삼성전자우,2.87,1445,20241023
032560,황금에스티,2.86,150,20241023
111380,동인기연,2.86,560,20241023
001040,CJ,2.85,3000,20241023
282720,금양그린파워,2.85,300,20241023
267850,아시아나IDT,2.85,500,20241023
048430,유라테크,2.84,190,20241023
021650,한국큐빅,2.83,70,20241023
353810,이지바이오,2.82,100,20241023
069960,현대백화점,2.82,1300,20241023
000910,유니온,2.81,125,20241023
092730,네오팜,2.81,750,20241023
131090,시큐브,2.8,25,20241023
453340,현대그린푸드,2.8,325,20241023
383220,F&F,2.8,1700,20241023
053690,한미글로벌,2.8,400,20241023
115500,케이씨에스,2.79,180,20241023
138490,코오롱ENP,2.79,160,20241023
262260,에이프로,2.79,200,20241023
366030,공구우먼,2.79,120,20241023
086670,비엠티,2.79,250,20241023
012630,HDC,2.77,300,20241023
419120,산돌,2.76,180,20241023
005720,넥센,2.76,125,20241023
060250,NHN KCP,2.75,200,20241023
010100,한국무브넥스,2.75,100,20241023
054800,아이디스홀딩스,2.75,250,20241023
054050,농우바이오,2.75,200,20241023
003075,코오롱글로벌우,2.74,450,20241023
017900,광전자,2.73,50,20241023
081660,휠라홀딩스,2.73,1090,20241023
004170,신세계,2.72,4000,20241023
088790,진도,2.72,50,20241023
000880,한화,2.72,750,20241023
068930,디지털대성,2.71,200,20241023
038010,제일테크노스,2.71,180,20241023
006200,한국전자홀딩스,2.71,20,20241023
002795,아모레G우,2.71,250,20241023
004780,대륙제관,2.7,110,20241023
005850,에스엘,2.68,900,20241023
053260,금강철강,2.68,130,20241023
039830,오로라,2.68,150,20241023
117580,대성에너지,2.67,250,20241023
089150,케이씨티,2.67,60,20241023
013520,화승코퍼레이션,2.67,50,20241023
122310,제노레이,2.65,160,20241023
075580,세진중공업,2.65,200,20241023
090435,아모레퍼시픽우,2.65,915,20241023
203450,유니온커뮤니티,2.65,70,20241023
000670,영풍,2.64,10000,20241023
025880,케이씨피드,2.64,75,20241023
012280,영화금속,2.62,20,20241023
003570,SNT다이내믹스,2.62,700,20241023
058400,KNN,2.62,20,20241023
007980,TP,2.62,35,20241023
016590,신대양제지,2.6,150,20241023
078070,유비쿼스홀딩스,2.6,250,20241023
024720,콜마홀딩스,2.6,180,20241023
373170,엠아이큐브솔루션,2.59,200,20241023
448280,에코아이,2.59,500,20241023
016800,퍼시스,2.59,1200,20241023
126560,현대퓨처넷,2.58,100,20241023
060480,국일신동,2.58,50,20241023
048830,엔피케이,2.58,30,20241023
003100,선광,2.57,400,20241023
037760,쎄니트,2.57,40,20241023
456040,OCI,2.57,2000,20241023
02826K,삼성물산우B,2.57,2600,20241023
007370,진양제약,2.56,150,20241023
009160,SIMPAC,2.56,100,20241023
250000,보라티알,2.55,250,20241023
060560,홈센타홀딩스,2.55,20,20241023
052330,코텍,2.54,200,20241023
100700,세운메디칼,2.54,70,20241023
26490K,크라운제과우,2.52,252,20241023
049770,동원F&B,2.52,800,20241023
263690,디알젬,2.52,180,20241023
298050,HS효성첨단소재,2.51,6500,20241023
037070,파세코,2.51,150,20241023
027360,아주IB투자,2.51,50,20241023
004890,동일산업,2.5,1000,20241023
080160,모두투어,2.49,250,20241023
004360,세방,2.49,300,20241023
023810,인팩,2.49,180,20241023
051500,CJ프레시웨이,2.47,450,20241023
066620,국보디자인,2.47,400,20241023
043370,피에이치에이,2.47,250,20241023
124560,태웅로직스,2.46,70,20241023
054540,삼영엠텍,2.45,100,20241023
081000,일진다이아,2.45,300,20241023
005930,삼성전자,2.44,1444,20241023
063570,한국전자금융,2.44,125,20241023
001630,종근당홀딩스,2.43,1400,20241023
019540,일지테크,2.42,100,20241023
119610,인터로조,2.41,600,20241023
000210,DL,2.41,1000,20241023
028670,팬오션,2.41,85,20241023
105840,우진,2.4,200,20241023
123040,엠에스오토텍,2.4,75,20241023
37550L,DL이앤씨2우(전환),2.39,500,20241023
010420,한솔PNS,2.38,25,20241023
024070,WISCOM,2.38,50,20241023
007070,GS리테일,2.38,500,20241023
005990,매일홀딩스,2.38,200,20241023
090355,노루페인트우,2.37,330,20241023
014830,유니드,2.37,1600,20241023
015750,성우하이텍,2.37,150,20241023
183190,아세아시멘트,2.36,255,20241023
161000,애경케미칼,2.36,250,20241023
251630,브이원텍,2.36,100,20241023
000020,동화약품,2.36,180,20241023
011280,태림포장,2.36,50,20241023
008870,금비,2.36,1300,20241023
051905,LG생활건강우,2.34,3550,20241023
058630,엠게임,2.34,150,20241023
192650,드림텍,2.33,200,20241023
001465,BYC우,2.32,305,20241023
036890,진성티이씨,2.32,200,20241023
030520,한글과컴퓨터,2.32,410,20241023
123410,코리아에프티,2.31,120,20241023
004710,한솔테크닉스,2.31,100,20241023
006140,피제이전자,2.31,120,20241023
036580,팜스코,2.31,50,20241023
280360,롯데웰푸드,2.3,3000,20241023
408920,메쎄이상,2.3,50,20241023
050860,아세아텍,2.29,50,20241023
003380,하림지주,2.28,120,20241023
067730,로지시스,2.28,60,20241023
023350,한국종합기술,2.28,100,20241023
138040,메리츠금융지주,2.28,2360,20241023
049430,코메론,2.28,250,20241023
020710,시공테크,2.27,80,20241023
012790,신일제약,2.27,170,20241023
225190,LK삼양,2.26,60,20241023
092220,KEC,2.26,20,20241023
151860,KG에코솔루션,2.26,120,20241023
033500,동성화인텍,2.25,250,20241023
006090,사조오양,2.24,200,20241023
016580,환인제약,2.24,300,20241023
177830,파버나인,2.24,70,20241023
243070,휴온스,2.23,630,20241023
053800,안랩,2.23,1300,20241023
130660,한전산업,2.22,297,20241023
039010,현대에이치티,2.22,130,20241023
032190,다우데이타,2.22,250,20241023
049800,우진플라임,2.21,50,20241023
007310,오뚜기,2.21,9000,20241023
417790,트루엔,2.21,200,20241023
005360,모나미,2.21,50,20241023
039490,키움증권,2.21,3000,20241023
005390,신성통상,2.21,50,20241023
065510,휴비츠,2.21,200,20241023
199820,제일일렉트릭,2.19,200,20241023
101330,모베이스,2.19,70,20241023
008420,문배철강,2.19,50,20241023
004840,DRB동일,2.19,100,20241023
002870,신풍,2.18,20,20241023
189980,흥국에프엔비,2.18,40,20241023
053270,구영테크,2.18,50,20241023
024910,경창산업,2.18,50,20241023
035150,백산,2.17,300,20241023
041930,동아화성,2.16,150,20241023
007860,서연,2.15,150,20241023
036120,SCI평가정보,2.15,50,20241023
200130,콜마비앤에이치,2.15,308,20241023
011780,금호석유,2.15,2900,20241023
042500,링네트,2.14,100,20241023
037350,성도이엔지,2.14,100,20241023
234340,헥토파이낸셜,2.13,350,20241023
031440,신세계푸드,2.12,750,20241023
230240,에치에프알,2.12,220,20241023
043650,국순당,2.12,105,20241023
000157,두산2우B,2.12,2000,20241023
090410,덕신이피씨,2.12,30,20241023
006620,동구바이오제약,2.11,120,20241023
000720,현대건설,2.11,600,20241023
033830,티비씨,2.1,18,20241023
000155,두산우,2.1,2050,20241023
138070,신진에스엠,2.09,50,20241023
405920,나라셀라,2.09,80,20241023
063760,이엘피,2.09,50,20241023
310870,디와이씨,2.09,25,20241023
038110,에코플라스틱,2.08,60,20241023
119500,포메탈,2.07,60,20241023
420770,기가비스,2.07,800,20241023
079960,동양이엔피,2.06,400,20241023
142210,유니트론텍,2.06,100,20241023
263860,지니언스,2.06,200,20241023
000050,경방,2.06,125,20241023
079170,한창산업,2.05,160,20241023
001525,동양우,2.04,90,20241023
126600,BGF에코머티리얼즈,2.04,70,20241023
003220,대원제약,2.04,300,20241023
150900,파수,2.04,100,20241023
010040,한국내화,2.04,45,20241023
040160,누리플렉스,2.03,50,20241023
021240,코웨이,2.03,1350,20241023
041460,한국전자인증,2.03,70,20241023
200780,비씨월드제약,2.03,100,20241023
073490,이노와이어리스,2.02,350,20241023
083310,엘오티베큠,2.02,200,20241023
042110,에스씨디,2.02,30,20241023
004250,NPC,2.02,100,20241023
163560,동일고무벨트,2.01,150,20241023
037230,한국팩키지,2.01,40,20241023
033270,유나이티드제약,2.01,420,20241023
032280,삼일,2.01,30,20241023
005160,동국산업,2.0,130,20241023
143160,아이디스,2.0,300,20241023
008250,이건산업,1.99,100,20241023
097950,CJ제일제당,1.99,5500,20241023
377330,이지트로닉스,1.98,120,20241023
054950,제이브이엠,1.97,400,20241023
004430,송원산업,1.97,250,20241023
192080,더블유게임즈,1.97,1000,20241023
443060,HD현대마린솔루션,1.97,2500,20241023
000860,강남제비스코,1.96,500,20241023
002390,한독,1.96,300,20241023
230360,에코마케팅,1.96,200,20241023
047050,포스코인터내셔널,1.96,1000,20241023
000885,한화우,1.96,800,20241023
009780,엠에스씨,1.95,100,20241023
123570,이엠넷,1.94,50,20241023
009155,삼성전기우,1.94,1200,20241023
293580,나우IB,1.93,18,20241023
002030,아세아,1.93,5000,20241023
027710,팜스토리,1.92,25,20241023
053080,케이엔솔,1.91,300,20241023
194700,노바렉스,1.91,200,20241023
028260,삼성물산,1.91,2550,20241023
004080,신흥,1.89,270,20241023
004770,써니전자,1.88,30,20241023
014285,금강공업우,1.88,130,20241023
014970,삼륭물산,1.88,75,20241023
019180,티에이치엔,1.88,60,20241023
005250,녹십자홀딩스,1.87,300,20241023
006980,우성,1.87,300,20241023
053450,세코닉스,1.87,100,20241023
104460,디와이피엔에프,1.87,200,20241023
018260,삼성에스디에스,1.86,2700,20241023
092070,디엔에프,1.86,200,20241023
006880,신송홀딩스,1.86,120,20241023
045060,오공,1.85,50,20241023
009835,한화솔루션우,1.85,350,20241023
069080,웹젠,1.85,300,20241023
001130,대한제분,1.84,2500,20241023
012330,현대모비스,1.83,4500,20241023
252500,세화피앤씨,1.82,17,20241023
005860,한일사료,1.82,75,20241023
035080,그래디언트,1.82,200,20241023
290740,액트로,1.81,100,20241023
053300,한국정보인증,1.81,70,20241023
002240,고려제강,1.81,350,20241023
035200,프럼파스트,1.81,50,20241023
006890,태경케미컬,1.8,200,20241023
000640,동아쏘시오홀딩스,1.79,2200,20241023
090850,현대이지웰,1.79,90,20241023
260930,씨티케이,1.79,100,20241023
010120,LS ELECTRIC,1.79,2800,20241023
019770,서연탑메탈,1.79,65,20241023
353200,대덕전자,1.78,300,20241023
073560,우리손에프앤지,1.78,25,20241023
318000,KBG,1.77,100,20241023
011210,현대위아,1.77,850,20241023
282880,코윈테크,1.76,250,20241023
072950,빛샘전자,1.76,70,20241023
055490,테이팩스,1.76,300,20241023
212560,네오오토,1.76,150,20241023
005670,푸드웰,1.75,90,20241023
318010,팜스빌,1.74,100,20241023
066130,하츠,1.74,90,20241023
092780,동양피스톤,1.74,100,20241023
246250,에스엘에스바이오,1.73,50,20241023
237880,클리오,1.72,400,20241023
103140,풍산,1.72,1200,20241023
010130,고려아연,1.71,15000,20241023
009290,광동제약,1.71,100,20241023
048530,인트론바이오,1.71,100,20241023
005430,한국공항,1.71,1000,20241023
066575,LG전자우,1.7,850,20241023
352700,씨앤투스,1.7,50,20241023
450140,코오롱모빌리티그룹,1.7,40,20241023
000325,노루홀딩스우,1.7,505,20241023
200670,휴메딕스,1.7,525,20241023
005740,크라운해태홀딩스,1.69,100,20241023
093520,매커스,1.69,150,20241023
041510,에스엠,1.68,1200,20241023
032750,삼진,1.68,70,20241023
009140,경인전자,1.68,350,20241023
012610,경인양행,1.68,50,20241023
134790,시디즈,1.68,500,20241023
088130,동아엘텍,1.67,150,20241023
064850,에프앤가이드,1.67,180,20241023
356860,티엘비,1.67,200,20241023
33637L,솔루스첨단소재2우B,1.67,100,20241023
006800,미래에셋증권,1.66,150,20241023
217500,러셀,1.66,30,20241023
069730,DSR제강,1.66,60,20241023
002350,넥센타이어,1.65,115,20241023
038290,마크로젠,1.65,300,20241023
005800,신영와코루,1.65,150,20241023
072470,우리산업홀딩스,1.65,50,20241023
204320,HL만도,1.64,600,20241023
014680,한솔케미칼,1.64,2100,20241023
068790,DMS,1.64,90,20241023
375500,DL이앤씨,1.63,500,20241023
005965,동부건설우,1.62,350,20241023
032620,유비케어,1.6,60,20241023
344860,이노진,1.6,30,20241023
192390,윈하이텍,1.6,60,20241023
012200,계양전기,1.59,25,20241023
058470,리노공업,1.59,3000,20241023
205100,엑셈,1.57,28,20241023
192250,케이사인,1.57,15,20241023
273640,와이엠텍,1.57,180,20241023
452300,캡스톤파트너스,1.57,42,20241023
000990,DB하이텍,1.57,580,20241023
024830,세원물산,1.56,100,20241023
155660,DSR,1.56,60,20241023
460850,동국씨엠,1.56,100,20241023
015710,코콤,1.56,70,20241023
009070,KCTC,1.55,70,20241023
054450,텔레칩스,1.55,200,20241023
051915,LG화학우,1.54,3550,20241023
006840,AK홀딩스,1.54,200,20241023
010690,화신,1.54,150,20241023
131030,옵투스제약,1.54,100,20241023
001527,동양2우B,1.53,150,20241023
066670,디티씨,1.53,50,20241023
382480,지아이텍,1.53,36,20241023
307280,원바이오젠,1.52,20,20241023
039020,이건홀딩스,1.52,50,20241023
024900,덕양산업,1.52,50,20241023
265520,AP시스템,1.51,270,20241023
094970,제이엠티,1.51,50,20241023
187270,신화콘텍,1.51,50,20241023
224110,에이텍모빌리티,1.51,200,20241023
013700,까뮤이앤씨,1.5,20,20241023
002220,한일철강,1.5,30,20241023
088910,동우팜투테이블,1.5,30,20241023
272210,한화시스템,1.49,280,20241023
041910,폴라리스AI파마,1.49,100,20241023
001200,유진투자증권,1.49,60,20241023
036570,엔씨소프트,1.49,3130,20241023
136490,선진,1.49,100,20241023
008470,부스타,1.49,60,20241023
041830,인바디,1.49,350,20241023
000725,현대건설우,1.49,650,20241023
014440,영보화학,1.48,50,20241023
086390,유니테스트,1.48,150,20241023
042670,HD현대인프라코어,1.47,110,20241023
001820,삼화콘덴서,1.47,500,20241023
004960,한신공영,1.47,100,20241023
098120,마이크로컨텍솔,1.47,80,20241023
263020,디케이앤디,1.47,50,20241023
009830,한화솔루션,1.46,300,20241023
457550,우진엔텍,1.46,330,20241023
007575,일양약품우,1.45,175,20241023
066310,큐에스아이,1.45,100,20241023
090460,비에이치,1.45,250,20241023
008040,사조동아원,1.45,15,20241023
046890,서울반도체,1.45,136,20241023
109080,옵티시스,1.45,100,20241023
084695,대상홀딩스우,1.45,280,20241023
228850,레이언스,1.45,100,20241023
260970,에스앤디,1.44,500,20241023
054210,이랜텍,1.44,80,20241023
084110,휴온스글로벌,1.43,525,20241023
268280,미원에스씨,1.43,2100,20241023
006260,LS,1.43,1600,20241023
200880,서연이화,1.43,200,20241023
072020,중앙백신,1.42,150,20241023
017650,대림제지,1.42,100,20241023
021820,세원정공,1.41,100,20241023
393210,토마토시스템,1.41,90,20241023
000440,중앙에너비스,1.4,320,20241023
067830,세이브존I&C,1.4,30,20241023
098460,고영,1.4,140,20241023
001060,JW중외제약,1.4,400,20241023
004370,농심,1.39,5000,20241023
382840,원준,1.39,200,20241023
241520,DSC인베스트먼트,1.39,40,20241023
271830,팸텍,1.39,30,20241023
053580,웹케시,1.39,100,20241023
330350,위더스제약,1.39,100,20241023
068290,삼성출판사,1.39,200,20241023
100120,뷰웍스,1.38,350,20241023
014940,오리엔탈정공,1.38,50,20241023
215360,우리산업,1.38,165,20241023
211050,인카금융서비스,1.38,70,20241023
019010,베뉴지,1.37,30,20241023
038070,서린바이오,1.37,100,20241023
083930,아바코,1.37,200,20241023
056190,에스에프에이,1.37,280,20241023
001065,JW중외제약우,1.37,425,20241023
029460,케이씨,1.35,260,20241023
045660,에이텍,1.34,200,20241023
017510,세명전기,1.34,70,20241023
383310,에코프로에이치엔,1.34,600,20241023
064760,티씨케이,1.33,1200,20241023
173130,오파스넷,1.33,100,20241023
119850,지엔씨에너지,1.33,70,20241023
051490,나라엠앤디,1.32,70,20241023
285130,SK케미칼,1.32,650,20241023
110990,디아이티,1.32,180,20241023
023160,태광,1.31,170,20241023
011070,LG이노텍,1.31,2610,20241023
267270,HD현대건설기계,1.31,700,20241023
378850,화승알앤에이,1.3,50,20241023
038950,파인디지털,1.3,50,20241023
206640,바디텍메드,1.29,200,20241023
271560,오리온,1.29,1250,20241023
052260,현대바이오랜드,1.28,70,20241023
18064K,한진칼우,1.28,325,20241023
014820,동원시스템즈,1.28,600,20241023
054670,대한뉴팜,1.27,100,20241023
091590,남화토건,1.27,50,20241023
018310,삼목에스폼,1.27,300,20241023
032850,비트컴퓨터,1.27,62,20241023
000230,일동홀딩스,1.26,100,20241023
226320,잇츠한불,1.26,150,20241023
289080,SV인베스트먼트,1.25,20,20241023
050960,수산아이앤티,1.25,125,20241023
082920,비츠로셀,1.25,250,20241023
131220,대한과학,1.24,60,20241023
347740,피엔케이피부임상연구센타,1.24,30,20241023
099430,바이오플러스,1.23,70,20241023
053610,프로텍,1.23,400,20241023
048910,대원미디어,1.23,100,20241023
000490,대동,1.23,100,20241023
003200,일신방직,1.23,100,20241023
003030,세아제강지주,1.23,2000,20241023
095660,네오위즈,1.22,245,20241023
080470,성창오토텍,1.21,50,20241023
049830,승일,1.21,85,20241023
006220,제주은행,1.21,100,20241023
024090,디씨엠,1.21,150,20241023
005257,녹십자홀딩스2우,1.2,300,20241023
031980,피에스케이홀딩스,1.2,600,20241023
033130,디지틀조선,1.19,20,20241023
053700,삼보모터스,1.18,50,20241023
159580,제로투세븐,1.18,50,20241023
091580,상신이디피,1.18,120,20241023
003610,방림,1.18,38,20241023
005745,크라운해태홀딩스우,1.17,105,20241023
060850,영림원소프트랩,1.17,80,20241023
007570,일양약품,1.16,150,20241023
45014K,코오롱모빌리티그룹우,1.16,45,20241023
033160,엠케이전자,1.16,100,20241023
049070,인탑스,1.16,235,20241023
360070,탑머티리얼,1.15,400,20241023
163730,핑거,1.14,120,20241023
238490,힘스,1.14,50,20241023
339950,아이비김영,1.14,20,20241023
243840,신흥에스이씨,1.13,86,20241023
014620,성광벤드,1.13,150,20241023
050890,쏠리드,1.13,50,20241023
011320,유니크,1.12,45,20241023
025820,이구산업,1.11,50,20241023
049480,오픈베이스,1.11,25,20241023
036200,유니셈,1.11,80,20241023
004380,삼익THK,1.1,100,20241023
290270,휴네시온,1.1,40,20241023
035900,JYP Ent.,1.09,574,20241023
067370,선바이오,1.08,75,20241023
214430,아이쓰리시스템,1.08,350,20241023
010660,화천기계,1.08,30,20241023
333050,모코엠시스,1.08,14,20241023
051910,LG화학,1.08,3500,20241023
172670,에이엘티,1.07,100,20241023
277070,린드먼아시아,1.06,43,20241023
272290,이녹스첨단소재,1.06,250,20241023
267790,배럴,1.06,50,20241023
251970,펌텍코리아,1.06,380,20241023
136480,하림,1.06,30,20241023
053050,지에스이,1.06,40,20241023
002790,아모레G,1.06,245,20241023
296640,이노룰스,1.05,60,20241023
144960,뉴파워프라즈마,1.03,50,20241023
086450,동국제약,1.02,180,20241023
307950,현대오토에버,1.02,1430,20241023
002700,신일전자,1.02,15,20241023
259630,엠플러스,1.02,100,20241023
065680,우주일렉트로,1.01,150,20241023
002800,신신제약,1.01,60,20241023
017960,한국카본,1.01,110,20241023
002840,미원상사,1.01,2000,20241023
185750,종근당,1.01,1100,20241023
048770,TPC,1.0,25,20241023
000150,두산,1.0,2000,20241023
246690,TS인베스트먼트,1.0,10,20241023
357780,솔브레인,1.0,2000,20241023
012320,경동인베스트,0.99,750,20241023
102120,어보브반도체,0.99,100,20241023
051900,LG생활건강,0.99,3500,20241023
060370,LS마린솔루션,0.99,160,20241023
023900,풍국주정,0.99,100,20241023
099390,브레인즈컴퍼니,0.98,60,20241023
006650,대한유화,0.98,1000,20241023
039440,에스티아이,0.98,200,20241023
138080,오이솔루션,0.97,100,20241023
004490,세방전지,0.97,700,20241023
017810,풀무원,0.96,102,20241023
008730,율촌화학,0.96,250,20241023
034230,파라다이스,0.96,100,20241023
036010,아비코전자,0.95,50,20241023
319660,피에스케이,0.95,200,20241023
234300,에스트래픽,0.95,40,20241023
101170,우림피티에스,0.95,50,20241023
020400,대동금속,0.95,60,20241023
222800,심텍,0.95,160,20241023
319400,현대무벡스,0.94,30,20241023
009150,삼성전기,0.94,1150,20241023
089980,상아프론테크,0.94,200,20241023
067160,SOOP,0.94,850,20241023
102460,이연제약,0.94,150,20241023
058610,에스피지,0.93,200,20241023
170900,동아에스티,0.93,700,20241023
100660,서암기계공업,0.93,35,20241023
321260,프로이천,0.93,20,20241023
221800,유투바이오,0.92,30,20241023
025860,남해화학,0.92,60,20241023
025540,한국단자,0.92,700,20241023
179290,엠아이텍,0.92,80,20241023
103590,일진전기,0.91,220,20241023
337930,브랜드엑스코퍼레이션,0.91,80,20241023
006280,녹십자,0.91,1500,20241023
083550,케이엠,0.91,30,20241023
264850,이랜시스,0.91,50,20241023
001460,BYC,0.91,300,20241023
140070,서플러스글로벌,0.9,30,20241023
322780,코퍼스코리아,0.9,10,20241023
003850,보령,0.9,100,20241023
265560,영화테크,0.9,80,20241023
090470,제이스텍,0.89,50,20241023
112610,씨에스윈드,0.89,500,20241023
107590,미원홀딩스,0.88,700,20241023
041440,현대에버다임,0.88,70,20241023
331380,포커스에이치엔에스,0.87,30,20241023
047810,한국항공우주,0.87,500,20241023
161890,한국콜마,0.87,600,20241023
365330,에스와이스틸텍,0.87,50,20241023
107600,새빗켐,0.87,200,20241023
033100,제룡전기,0.87,500,20241023
234690,녹십자웰빙,0.86,100,20241023
004310,현대약품,0.86,35,20241023
149950,아바텍,0.85,100,20241023
092870,엑시콘,0.85,100,20241023
016920,카스,0.85,10,20241023
009900,명신산업,0.85,100,20241023
004140,동방,0.84,20,20241023
078890,가온그룹,0.84,30,20241023
336570,원텍,0.83,50,20241023
039290,인포뱅크,0.83,50,20241023
078150,HB테크놀러지,0.83,20,20241023
083500,에프엔에스테크,0.82,80,20241023
006730,서부T&D,0.82,50,20241023
067080,대화제약,0.82,150,20241023
093320,케이아이엔엑스,0.82,600,20241023
002140,고려산업,0.82,25,20241023
012205,계양전기우,0.82,30,20241023
079370,제우스,0.82,100,20241023
336370,솔루스첨단소재,0.82,100,20241023
003960,사조대림,0.8,350,20241023
066570,LG전자,0.8,800,20241023
048470,대동스틸,0.8,30,20241023
051360,토비스,0.79,160,20241023
314140,알피바이오,0.79,50,20241023
079550,LIG넥스원,0.78,1950,20241023
067900,와이엔텍,0.78,50,20241023
044960,이글벳,0.78,40,20241023
009470,삼화전기,0.77,300,20241023
019990,에너토크,0.77,50,20241023
183300,코미코,0.77,400,20241023
114840,아이패밀리에스씨,0.77,158,20241023
445180,퓨릿,0.76,50,20241023
340570,티앤엘,0.76,550,20241023
416180,신성에스티,0.75,200,20241023
348210,넥스틴,0.75,500,20241023
195940,HK이노엔,0.75,350,20241023
090430,아모레퍼시픽,0.74,910,20241023
025950,동신건설,0.74,150,20241023
036480,대성미생물,0.74,75,20241023
297890,HB솔루션,0.74,30,20241023
187870,디바이스이엔지,0.74,100,20241023
162300,신스틸,0.74,19,20241023
001250,GS글로벌,0.74,25,20241023
294570,쿠콘,0.73,100,20241023
158430,아톤,0.73,30,20241023
052690,한전기술,0.73,515,20241023
000590,CS홀딩스,0.72,500,20241023
148250,알엔투테크놀로지,0.72,30,20241023
122870,와이지엔터테인먼트,0.72,300,20241023
248170,샘표식품,0.71,200,20241023
042370,비츠로테크,0.71,50,20241023
229640,LS에코에너지,0.7,200,20241023
218410,RFHIC,0.7,100,20241023
035420,NAVER,0.7,1205,20241023
006370,대구백화점,0.69,50,20241023
004830,덕성,0.69,45,20241023
323410,카카오뱅크,0.69,150,20241023
004090,한국석유,0.69,120,20241023
001067,JW중외제약2우B,0.68,400,20241023
104830,원익머트리얼즈,0.68,150,20241023
017040,광명전기,0.67,10,20241023
001530,DI동일,0.67,250,20241023
211270,AP위성,0.67,70,20241023
166090,하나머티리얼즈,0.67,200,20241023
356890,싸이버원,0.67,20,20241023
214390,경보제약,0.67,50,20241023
106190,하이텍팜,0.66,100,20241023
008775,호텔신라우,0.66,250,20241023
101490,에스앤에스텍,0.65,150,20241023
265740,엔에프씨,0.65,40,20241023
086900,메디톡스,0.65,1100,20241023
298040,효성중공업,0.64,2500,20241023
001810,무림SP,0.63,10,20241023
011500,한농화성,0.63,120,20241023
001340,백광산업,0.63,60,20241023
081150,티플랙스,0.63,20,20241023
003830,대한화섬,0.62,750,20241023
036710,심텍홀딩스,0.62,10,20241023
056360,코위버,0.62,30,20241023
008930,한미사이언스,0.61,200,20241023
017370,우신시스템,0.61,50,20241023
000660,SK하이닉스,0.61,1200,20241023
008490,서흥,0.61,100,20241023
009450,경동나비엔,0.6,550,20241023
017550,수산중공업,0.59,10,20241023
079940,가비아,0.59,80,20241023
024940,PN풍년,0.57,35,20241023
002620,제일파마홀딩스,0.57,50,20241023
068330,일신바이오,0.57,7,20241023
000120,CJ대한통운,0.56,500,20241023
006660,삼성공조,0.56,60,20241023
084370,유진테크,0.55,200,20241023
008830,대동기어,0.55,40,20241023
094480,갤럭시아머니트리,0.55,45,20241023
131970,두산테스나,0.54,160,20241023
020150,롯데에너지머티리얼즈,0.54,200,20241023
041920,메디아나,0.54,25,20241023
003160,디아이,0.54,100,20241023
001770,SHD,0.54,100,20241023
120030,조선선재,0.54,500,20241023
030960,양지사,0.53,50,20241023
049950,미래컴퍼니,0.53,100,20241023
006050,국영지앤엠,0.53,10,20241023
396470,워트,0.53,50,20241023
290650,엘앤씨바이오,0.53,100,20241023
241590,화승엔터프라이즈,0.52,45,20241023
145720,덴티움,0.52,400,20241023
099190,아이센스,0.51,100,20241023
059210,메타바이오메드,0.51,20,20241023
004835,덕성우,0.51,50,20241023
376290,씨유테크,0.51,16,20241023
281820,케이씨텍,0.5,180,20241023
053350,이니텍,0.5,20,20241023
089010,켐트로닉스,0.5,100,20241023
237690,에스티팜,0.5,500,20241023
006405,삼성SDI우,0.5,1050,20241023
403870,HPSP,0.48,150,20241023
012450,한화에어로스페이스,0.48,1800,20241023
094940,푸른기술,0.48,30,20241023
232680,라온테크,0.47,30,20241023
067310,하나마이크론,0.46,50,20241023
288620,에스퓨얼셀,0.46,50,20241023
007540,샘표,0.45,200,20241023
011390,부산산업,0.45,250,20241023
008770,호텔신라,0.45,200,20241023
062040,산일전기,0.44,189,20241023
005290,동진쎄미켐,0.44,120,20241023
011700,한신기계,0.43,15,20241023
003720,삼영,0.43,20,20241023
368770,파이버프로,0.43,20,20241023
317850,대모,0.43,40,20241023
043150,바텍,0.43,100,20241023
012510,더존비즈온,0.43,217,20241023
215100,로보로보,0.42,14,20241023
417970,모델솔루션,0.42,40,20241023
214450,파마리서치,0.42,950,20241023
007770,한일화학,0.41,50,20241023
042700,한미반도체,0.41,420,20241023
036830,솔브레인홀딩스,0.4,200,20241023
333620,엔시스,0.4,40,20241023
013890,지누스,0.39,90,20241023
086710,선진뷰티사이언스,0.39,40,20241023
001510,SK증권,0.39,2,20241023
099320,쎄트렉아이,0.39,150,20241023
002760,보락,0.39,5,20241023
001515,SK증권우,0.39,7,20241023
053160,프리엠스,0.39,50,20241023
003090,대웅,0.39,100,20241023
069620,대웅제약,0.39,600,20241023
003230,삼양식품,0.39,2100,20241023
094170,동운아나텍,0.38,70,20241023
022100,포스코DX,0.37,100,20241023
091120,이엠텍,0.37,100,20241023
000105,유한양행우,0.36,460,20241023
214150,클래시스,0.36,200,20241023
352820,하이브,0.36,700,20241023
131370,알서포트,0.35,10,20241023
192820,코스맥스,0.35,500,20241023
271980,제일약품,0.34,50,20241023
361390,제노코,0.34,50,20241023
007160,사조산업,0.33,200,20241023
004100,태양금속,0.33,10,20241023
180640,한진칼,0.33,300,20241023
095340,ISC,0.32,200,20241023
089030,테크윙,0.32,130,20241023
032960,동일기연,0.32,35,20241023
101160,월덱스,0.31,60,20241023
000100,유한양행,0.31,450,20241023
071090,하이스틸,0.31,10,20241023
004105,태양금속우,0.31,15,20241023
267260,HD현대일렉트릭,0.3,1000,20241023
006400,삼성SDI,0.3,1000,20241023
121600,나노신소재,0.29,250,20241023
372170,윤성에프앤씨,0.29,150,20241023
102710,이엔에프테크놀로지,0.28,50,20241023
036810,에프에스티,0.28,50,20241023
024060,흥구석유,0.28,50,20241023
144510,지씨셀,0.28,100,20241023
068270,셀트리온,0.27,500,20241023
003240,태광산업,0.27,1750,20241023
253590,네오셈,0.27,30,20241023
003925,남양유업우,0.27,1050,20241023
078140,대봉엘에스,0.27,50,20241023
039030,이오테크닉스,0.26,450,20241023
065350,신성델타테크,0.26,120,20241023
071280,로체시스템즈,0.26,50,20241023
073010,케이에스피,0.25,10,20241023
032300,한국파마,0.23,50,20241023
307750,국전약품,0.23,10,20241023
074600,원익QnC,0.23,57,20241023
007660,이수페타시스,0.22,100,20241023
009520,포스코엠텍,0.22,35,20241023
335890,비올,0.21,18,20241023
014915,성문전자우,0.21,10,20241023
006110,삼아알미늄,0.2,100,20241023
189300,인텔리안테크,0.19,100,20241023
140860,파크시스템스,0.19,400,20241023
002710,TCC스틸,0.18,80,20241023
036930,주성엔지니어링,0.18,50,20241023
003920,남양유업,0.17,1000,20241023
035720,카카오,0.16,61,20241023
064350,현대로템,0.16,100,20241023
128940,한미약품,0.16,500,20241023
417200,LS머트리얼즈,0.14,22,20241023
003350,한국화장품제조,0.13,100,20241023
003670,포스코퓨처엠,0.11,250,20241023
